Símbolo,Empresa,Presentación ante la SEC,Sector GICS,Sub-industria GICS,Ubicación de la sede,Fecha de incorporación,Clave de índice central,Fundada
MMM,3M,reports,Industriales,Conglomerados Industriales,"Saint Paul, Minnesota",8/9/1976,66740,1902
AOS,A. O. Smith,reports,Industriales,Productos de Edificio,"Milwaukee, Wisconsin",7/26/2017,91142,1916
ABT,Abbott,reports,Cuidado de Salud,Health Care Equipment,"North Chicago, Illinois",3/31/1964,1800,1888
A123,AbbVie,reports,Cuidado de Salud,Farmacéuticos,"North Chicago, Illinois",12/31/2012,1551152,2013 (1888)
ACN,Accenture,reports,Tecnología Informática,Consultoría Informática y Otros Servicios,"Dublin, Ireland",7/6/2011,1467373,1989
ATVI,Activision Blizzard,reports,Servicios de Comunicación,Entretenimiento Doméstico Interactivo,"Santa Monica, California",8/31/2015,718877,2008
ADM,ADM,reports,Productos básicos,Productos Agrícolas,"Chicago, Illinois",7/29/1981,7084,1902
ADBE,Adobe Inc.,reports,Tecnología Informática,Software de Aplicación,"San Jose, California",5/5/1997,796343,1982
ADP,ADP,reports,Tecnología Informática,Procesamiento de Datos y Servicios Externalizados,"Roseland, New Jersey",3/31/1981,8670,1949
AAP,Advance Auto Parts,reports,Consumo Discrecional,Automotive Retail,"Raleigh, North Carolina",7/9/2015,1158449,1932
AES,AES Corporation,reports,Utilidades,Independent Power Producers & Energy Traders,"Arlington, Virginia",10/2/1998,874761,1981
AFL,Aflac,reports,Finanzas,Life & Health Insurance,"Columbus, Georgia",5/28/1999,4977,1955
A,Agilent Technologies,reports,Cuidado de Salud,Health Care Equipment,"Santa Clara, California",6/5/2000,1090872,1999
APD,Air Products and Chemicals,reports,Materiales,Gases Industriales,"Allentown, Pensilvania",4/30/1985,2969,1940
AKAM,Akamai,reports,Tecnología Informática,Servicios y Infraestructura de Internet,"Cambridge, Massachusetts",7/12/2007,1086222,1998
ALK,Alaska Air Group,reports,Industriales,Aerolíneas,"SeaTac, Washington",5/13/2016,766421,1985
ALB,Albemarle Corporation,reports,Materiales,Químicos Especiales,"Charlotte, North Carolina",7/1/2016,915913,1994
ARE,Alexandria Real Estate Equities,reports,Bienes Raíces,Office REITs,"Pasadena, California",3/20/2017,1035443,1994
ALGN,Align Technology,reports,Cuidado de Salud,Health Care Supplies,"Tempe, Arizona",6/19/2017,1097149,1997
ALLE,Allegion,reports,Industriales,Productos de Edificio,"New York City, New York",12/2/2013,1579241,1908
LNT,Alliant Energy,reports,Utilidades,Electric Utilities,"Madison, Wisconsin",7/1/2016,352541,1917
ALL,Allstate,reports,Finanzas,Property & Casualty Insurance,"Northfield Township, Illinois",7/13/1995,899051,1931
GOOGL,Alphabet Inc. (Class A),reports,Servicios de Comunicación,Medios y Servicios Interactivos,"Mountain View, California",4/3/2014,1652044,1998
GOOG,Alphabet Inc. (Class C),reports,Servicios de Comunicación,Medios y Servicios Interactivos,"Mountain View, California",4/3/2006,1652044,1998
MO,Altria,reports,Productos básicos,Tabaco,"Richmond, Virginia",3/4/1957,764180,1985
AMZN,Amazon,reports,Consumo Discrecional,Internet & Direct Marketing Retail,"Seattle, Washington",11/18/2005,1018724,1994
AMCR,Amcor,reports,Materiales,Empaquetado de Papel,"Warmley, Bristol, United Kingdom",6/7/2019,1748790,2019 (1860)
AMD,AMD,reports,Tecnología Informática,Semiconductores,"Santa Clara, California",3/20/2017,2488,1969
AEE,Ameren,reports,Utilidades,Multi-Utilities,"St. Louis, Missouri",9/19/1991,1002910,1902
AAL,American Airlines Group,reports,Industriales,Aerolíneas,"Fort Worth, Texas",3/23/2015,6201,1934
AEP,American Electric Power,reports,Utilidades,Electric Utilities,"Columbus, Ohio",3/4/1957,4904,1906
AXP,American Express,reports,Finanzas,Consumer Finance,"New York City, New York",6/30/1976,4962,1850
AIG,American International Group,reports,Finanzas,Property & Casualty Insurance,"New York City, New York",3/31/1980,5272,1919
AMT,American Tower,reports,Bienes Raíces,Specialized REITs,"Boston, Massachusetts",11/19/2007,1053507,1995
AWK,American Water Works,reports,Utilidades,Water Utilities,"Camden, New Jersey",3/4/2016,1410636,1886
AMP,Ameriprise Financial,reports,Finanzas,Asset Management & Custody Banks,"Minneapolis, Minnesota",10/3/2005,820027,1894
ABC,AmerisourceBergen,reports,Cuidado de Salud,Health Care Distributors,"Conshohocken, Pennsylvania",8/30/2001,1140859,1985
AME,Ametek,reports,Industriales,Componentes y Equipo Eléctrico,"Berwyn, Pennsylvania",9/23/2013,1037868,1930
AMGN,Amgen,reports,Cuidado de Salud,Biotecnología,"Thousand Oaks, California",1/2/1992,318154,1980
APH,Amphenol,reports,Tecnología Informática,Componentes Electrónicos,"Wallingford, Connecticut",9/30/2008,820313,1932
ADI,Analog Devices,reports,Tecnología Informática,Semiconductores,"Wilmington, Massachusetts",10/12/1999,6281,1965
ANSS,Ansys,reports,Tecnología Informática,Software de Aplicación,"Canonsburg, Pennsylvania",6/19/2017,1013462,1969
AON,Aon,reports,Finanzas,Insurance Brokers,"London, UK",4/23/1996,315293,1982 (1919)
APA,APA Corporation,reports,Energía,Oil & Gas Exploration & Production,"Houston, Texas",7/28/1997,1841666,1954
AAPL,Apple Inc.,reports,Tecnología Informática,"Tecnología Hardware, Almacenamiento & Periféricos","Cupertino, California",11/30/1982,320193,1977
AMAT,Applied Materials,reports,Tecnología Informática,Equipo de Semiconductores,"Santa Clara, California",3/16/1995,6951,1967
APTV,Aptiv,reports,Consumo Discrecional,Auto Parts & Equipment,"Dublin, Ireland",12/24/2012,1521332,1994
ACGL,Arch Capital Group,reports,Finanzas,Reinsurance,"Hamilton, Bermuda",11/1/2022,947484,1995
ANET,Arista Networks,reports,Tecnología Informática,Equipo de Comunicación,"Santa Clara, California",8/28/2018,1596532,2004
AJG,Arthur J. Gallagher & Co.,reports,Finanzas,Insurance Brokers,"Rolling Meadows, Illinois",5/31/2016,354190,1927
AIZ,Assurant,reports,Finanzas,Multi-line Insurance,"New York City, New York",4/10/2007,1267238,1892
T,AT&T,reports,Servicios de Comunicación,Servicios de Telecomunicación Integrado,"Dallas, Texas",3/4/1957,732717,1983 (1885)
ATO,Atmos Energy,reports,Utilidades,Gas Utilities,"Dallas, Texas",2/15/2019,731802,1906
ADSK,Autodesk,reports,Tecnología Informática,Software de Aplicación,"San Francisco, California",12/1/1989,769397,1982
AZO,AutoZone,reports,Consumo Discrecional,Specialty Stores,"Memphis, Tennessee",1/2/1997,866787,1979
AVB,AvalonBay Communities,reports,Bienes Raíces,Residential REITs,"Arlington, Virginia",1/10/2007,915912,1978
AVY,Avery Dennison,reports,Materiales,Empaquetado de Papel,"Glendale, California",12/31/1987,8818,1990
BKR,Baker Hughes,reports,Energía,Oil & Gas Equipment & Services,"Houston, Texas",7/7/2017,1701605,2017
BALL,Ball Corporation,reports,Materiales,Contenedores de Metal y Vidrio,"Broomfield, Colorado",10/31/1984,9389,1880
BAC,Bank of America,reports,Finanzas,Diversified Banks,"Charlotte, North Carolina",6/30/1976,70858,1998 (1923 / 1874)
BBWI,"Bath & Body Works, Inc.",reports,Consumo Discrecional,Specialty Stores,"Columbus, Ohio",9/30/1983,701985,1963
BAX,Baxter International,reports,Cuidado de Salud,Health Care Equipment,"Deerfield, Illinois",9/30/1972,10456,1931
BDX,Becton Dickinson,reports,Cuidado de Salud,Health Care Equipment,"Franklin Lakes, New Jersey",9/30/1972,10795,1897
WRB,Berkley,reports,Finanzas,Property & Casualty Insurance,"Greenwich, Connecticut",12/5/2019,11544,1967
BRK.B,Berkshire Hathaway,reports,Finanzas,Multi-Sector Holdings,"Omaha, Nebraska",2/16/2010,1067983,1839
BBY,Best Buy,reports,Consumo Discrecional,Computer & Electronics Retail,"Richfield, Minnesota",6/29/1999,764478,1966
BIO,Bio-Rad,reports,Cuidado de Salud,Life Sciences Tools & Services,"Hercules, California",6/22/2020,12208,1952
TECH,Bio-Techne,reports,Cuidado de Salud,Life Sciences Tools & Services,"Minneapolis, Minnesota",8/30/2021,842023,1976
BIIB,Biogen,reports,Cuidado de Salud,Biotecnología,"Cambridge, Massachusetts",11/13/2003,875045,1978
BLK,BlackRock,reports,Finanzas,Asset Management & Custody Banks,"New York City, New York",4/4/2011,1364742,1988
BK,BNY Mellon,reports,Finanzas,Asset Management & Custody Banks,"New York City, New York",3/31/1995,1390777,1784
BA,Boeing,reports,Industriales,Aeroespacial y Defensa,"Chicago, Illinois",3/4/1957,12927,1916
BKNG,Booking Holdings,reports,Consumo Discrecional,Internet & Direct Marketing Retail,"Norwalk, Connecticut",11/6/2009,1075531,1996
BWA,BorgWarner,reports,Consumo Discrecional,Auto Parts & Equipment,"Auburn Hills, Michigan",12/19/2011,908255,1880
BXP,Boston Properties,reports,Bienes Raíces,Office REITs,"Boston, Massachusetts",4/3/2006,1037540,1970
BSX,Boston Scientific,reports,Cuidado de Salud,Health Care Equipment,"Marlborough, Massachusetts",2/24/1995,885725,1979
BMY,Bristol Myers Squibb,reports,Cuidado de Salud,Farmacéuticos,"New York City, New York",3/4/1957,14272,1989 (1887)
AVGO,Broadcom Inc.,reports,Tecnología Informática,Semiconductores,"San Jose, California",5/8/2014,1730168,1961
BR,Broadridge Financial Solutions,reports,Tecnología Informática,Procesamiento de Datos y Servicios Externalizados,"Lake Success, New York",6/18/2018,1383312,1962
BRO,Brown & Brown,reports,Finanzas,Insurance Brokers,"Daytona Beach, Florida",9/20/2021,79282,1939
BF-B,Brown–Forman,reports,Productos básicos,Destiladores y Viticultores,"Louisville, Kentucky",10/31/1982,14693,1870
CHRW,C.H. Robinson,reports,Industriales,Flete Aéreo y Logística,"Eden Prairie, Minnesota",3/2/2007,1043277,1905
CDNS,Cadence Design Systems,reports,Tecnología Informática,Software de Aplicación,"San Jose, California",9/18/2017,813672,1988
CZR,Caesars Entertainment,reports,Consumo Discrecional,Casinos & Gaming,"Reno, Nevada",3/22/2021,1590895,1973
CPT,Camden Property Trust,reports,Bienes Raíces,Residential REITs,"Houston, Texas",4/4/2022,906345,1981
CPB,Campbell Soup Company,reports,Productos básicos,Alimentos y Carnes Empaquetados,"Camden, New Jersey",3/4/1957,16732,1869
COF,Capital One,reports,Finanzas,Consumer Finance,"Tysons Corner, Virginia",7/1/1998,927628,1994
CAH,Cardinal Health,reports,Cuidado de Salud,Health Care Distributors,"Dublin, Ohio",5/27/1997,721371,1971
KMX,CarMax,reports,Consumo Discrecional,Automotive Retail,"Richmond, Virginia",6/28/2010,1170010,1993
CCL,Carnival,reports,Consumo Discrecional,"Hotels, Resorts & Cruise Lines","Miami, Florida",12/22/1998,815097,1972
CARR,Carrier Global,reports,Industriales,Productos de Edificio,"Palm Beach Gardens, Florida",4/3/2020,1783180,2020 (1915)
CTLT,Catalent,reports,Cuidado de Salud,Farmacéuticos,"Somerset, New Jersey",9/21/2020,1596783,2007
CAT,Caterpillar Inc.,reports,Industriales,Maquinaria de Construcción y Camiones Pesados,"Irving, Texas",3/4/1957,18230,1925
CBOE,Cboe Global Markets,reports,Finanzas,Financial Exchanges & Data,"Chicago, Illinois",3/1/2017,1374310,1973
CBRE,CBRE Group,reports,Bienes Raíces,Real Estate Services,"Dallas, Texas",11/10/2006,1138118,1906
CDW,CDW,reports,Tecnología Informática,Distribuidores de Tecnología,"Lincolnshire, Illinois",9/23/2019,1402057,1984
CE,Celanese,reports,Materiales,Químicos Especiales,"Irving, Texas",12/24/2018,1306830,1918
CNC,Centene Corporation,reports,Cuidado de Salud,Managed Health Care,"St. Louis, Missouri",3/30/2016,1071739,1984
CNP,CenterPoint Energy,reports,Utilidades,Multi-Utilities,"Houston, Texas",7/31/1985,1130310,1882
CDAY,Ceridian,reports,Tecnología Informática,Software de Aplicación,"Minneapolis, Minnesota",9/20/2021,1725057,1992
CF,CF Industries,reports,Materiales,Fertilizantes y Químicos Agrícola,"Deerfield, Illinois",8/27/2008,1324404,1946
CRL,Charles River Laboratories,reports,Cuidado de Salud,Life Sciences Tools & Services,"Wilmington, Massachusetts",5/14/2021,1100682,1947
SCHW,Charles Schwab Corporation,reports,Finanzas,Investment Banking & Brokerage,"Westlake, Texas",6/2/1997,316709,1971
CHTR,Charter Communications,reports,Servicios de Comunicación,Cable y Satélite,"Stamford, Connecticut",9/8/2016,1091667,1993
CVX,Chevron Corporation,reports,Energía,Integrated Oil & Gas,"San Ramon, California",3/4/1957,93410,1879
CMG,Chipotle Mexican Grill,reports,Consumo Discrecional,Restaurantes,"Newport Beach, California",4/28/2011,1058090,1993
CB,Chubb Limited,reports,Finanzas,Property & Casualty Insurance,"Zurich, Switzerland",7/15/2010,896159,1985
CHD,Church & Dwight,reports,Productos básicos,Productos Domésticos,"Ewing, New Jersey",12/29/2015,313927,1847
CI,Cigna,reports,Cuidado de Salud,Managed Health Care,"Bloomfield, Connecticut",6/30/1976,1739940,1982
CINF,Cincinnati Financial,reports,Finanzas,Property & Casualty Insurance,"Fairfield, Ohio",12/18/1997,20286,1950
CTAS,Cintas,reports,Industriales,Servicios de Soporte Diversificado,"Mason, Ohio",3/1/2001,723254,1929
CSCO,Cisco,reports,Tecnología Informática,Equipo de Comunicación,"San Jose, California",12/1/1993,858877,1984
C,Citigroup,reports,Finanzas,Diversified Banks,"New York City, New York",5/31/1988,831001,1998
CFG,Citizens Financial Group,reports,Finanzas,Regional Banks,"Providence, Rhode Island",1/29/2016,759944,1828
CLX,Clorox,reports,Productos básicos,Productos Domésticos,"Oakland, California",3/31/1969,21076,1913
CME,CME Group,reports,Finanzas,Financial Exchanges & Data,"Chicago, Illinois",8/11/2006,1156375,1848
CMS,CMS Energy,reports,Utilidades,Multi-Utilities,"Jackson, Michigan",5/3/1999,811156,1886
KO,The Coca-Cola Company,reports,Productos básicos,Bebidas,"Atlanta, Georgia",3/4/1957,21344,1886
CTSH,Cognizant,reports,Tecnología Informática,Consultoría Informática y Otros Servicios,"Teaneck, New Jersey",11/17/2006,1058290,1994
CL,Colgate-Palmolive,reports,Productos básicos,Productos Domésticos,"New York City, New York",3/4/1957,21665,1806
CMCSA,Comcast,reports,Servicios de Comunicación,Cable y Satélite,"Philadelphia, Pennsylvania",11/19/2002,1166691,1963
CMA,Comerica,reports,Finanzas,Diversified Banks,"Dallas, Texas",12/1/1995,28412,1849
CAG,ConAgra Foods,reports,Productos básicos,Alimentos y Carnes Empaquetados,"Chicago, Illinois",8/31/1983,23217,1919
COP,ConocoPhillips,reports,Energía,Oil & Gas Exploration & Production,"Houston, Texas",3/4/1957,1163165,2002
ED,Consolidated Edison,reports,Utilidades,Electric Utilities,"New York City, New York",1/1/1900,1047862,1823
STZ,Constellation Brands,reports,Productos básicos,Destiladores y Viticultores,"Victor, New York",7/1/2005,16918,1945
CEG,Constellation Energy,reports,Utilidades,Multi-Utilities,"Baltimore, Maryland",2/2/2022,1868275,1999
COO,CooperCompanies,reports,Cuidado de Salud,Health Care Supplies,"San Ramon, California",9/23/2016,711404,1958
CPRT,Copart,reports,Industriales,Servicios de Soporte Diversificado,"Dallas, Texas",7/2/2018,900075,1982
GLW,Corning Inc.,reports,Tecnología Informática,Componentes Electrónicos,"Corning, New York",1/1/1900,24741,1851
CTVA,Corteva,reports,Materiales,Fertilizantes y Químicos Agrícola,"Indianapolis, Indiana",6/3/2019,1755672,2019
CSGP,CoStar Group,reports,Industriales,Servicios de Investigación y Consultoría,Washington D. C.,9/19/2022,1057352,1987
COST,Costco,reports,Productos básicos,Hipermercados y Súper Centros,"Issaquah, Washington",10/1/1993,909832,1976
CTRA,Coterra,reports,Energía,Oil & Gas Exploration & Production,"Houston, Texas",6/23/2008,858470,2021 (1989)
CCI,Crown Castle,reports,Bienes Raíces,Specialized REITs,"Houston, Texas",3/14/2012,1051470,1994
CSX,CSX,reports,Industriales,Ferrocarriles,"Jacksonville, Florida",9/30/1967,277948,1980
CMI,Cummins,reports,Industriales,Maquinaria Industrial,"Columbus, Indiana",3/31/1965,26172,1919
CVS,CVS Health,reports,Cuidado de Salud,Health Care Services,"Woonsocket, Rhode Island",3/4/1957,64803,1996
DHI,D.R. Horton,reports,Consumo Discrecional,Construcción de Casas,"Arlington, Texas",6/22/2005,882184,1978
DHR,Danaher Corporation,reports,Cuidado de Salud,Health Care Equipment,Washington D. C.,1/1/1900,313616,1969
DRI,Darden Restaurants,reports,Consumo Discrecional,Restaurantes,"Orlando, Florida",1/1/1900,940944,1938
DVA,DaVita Inc.,reports,Cuidado de Salud,Health Care Facilities,"Denver, Colorado",7/31/2008,927066,1979
DE,John Deere,reports,Industriales,Maquinaria Agrícola y Granjero,"Moline, Illinois",3/4/1957,315189,1837
DAL,Delta Air Lines,reports,Industriales,Aerolíneas,"Atlanta, Georgia",9/11/2013,27904,1929
XRAY,Dentsply Sirona,reports,Cuidado de Salud,Health Care Supplies,"Charlotte, North Carolina",11/14/2008,818479,2016 (1969)
DVN,Devon Energy,reports,Energía,Oil & Gas Exploration & Production,"Oklahoma City, Oklahoma",8/30/2000,1090012,1971
DXCM,Dexcom,reports,Cuidado de Salud,Health Care Equipment,"San Diego, California",5/12/2020,1093557,1999
FANG,Diamondback Energy,reports,Energía,Oil & Gas Exploration & Production,"Midland, Texas",12/3/2018,1539838,2007
DLR,Digital Realty,reports,Bienes Raíces,Specialized REITs,"Austin, Texas",5/18/2016,1297996,2004
DFS,Discover Financial,reports,Finanzas,Consumer Finance,"Riverwoods, Illinois",7/2/2007,1393612,1985
DISH,Dish Network,reports,Servicios de Comunicación,Cable y Satélite,"Meridian, Colorado",3/13/2017,1001082,1980
DIS,Disney,reports,Servicios de Comunicación,Películas y Entretenimiento,"Burbank, California",6/30/1976,1744489,1923
DG,Dollar General,reports,Consumo Discrecional,General Merchandise Stores,"Goodlettsville, Tennessee",12/3/2012,29534,1939
DLTR,Dollar Tree,reports,Consumo Discrecional,General Merchandise Stores,"Chesapeake, Virginia",12/19/2011,935703,1986
D,Dominion Energy,reports,Utilidades,Electric Utilities,"Richmond, Virginia",1/1/1900,715957,1983
DPZ,Domino's,reports,Consumo Discrecional,Restaurantes,"Ann Arbor, Michigan",5/12/2020,1286681,1960
DOV,Dover Corporation,reports,Industriales,Maquinaria Industrial,"Downers Grove, Illinois",10/31/1985,29905,1955
DOW,Dow Inc.,reports,Materiales,Productos Químicos,"Midland, Michigan",4/1/2019,1751788,2019
DTE,DTE Energy,reports,Utilidades,Multi-Utilities,"Detroit, Michigan",3/4/1957,936340,1995
DUK,Duke Energy,reports,Utilidades,Electric Utilities,"Charlotte, North Carolina",6/30/1976,1326160,1904
DD,DuPont,reports,Materiales,Químicos Especiales,"Wilmington, Delaware",4/2/2019,1666700,2017
DXC,DXC Technology,reports,Tecnología Informática,Consultoría Informática y Otros Servicios,"Tysons Corner, Virginia",4/4/2017,1688568,2017
EMN,Eastman Chemical Company,reports,Materiales,Químicos Diversificados,"Kingsport, Tennessee",1/1/1994,915389,1920
ETN,Eaton Corporation,reports,Industriales,Componentes y Equipo Eléctrico,"Dublin, Ireland",1/1/1900,1551182,1911
EBAY,eBay,reports,Consumo Discrecional,Internet & Direct Marketing Retail,"San Jose, California",7/22/2002,1065088,1995
ECL,Ecolab,reports,Materiales,Químicos Especiales,"Saint Paul, Minnesota",1/31/1989,31462,1923
EIX,Edison International,reports,Utilidades,Electric Utilities,"Rosemead, California",3/4/1957,827052,1886
EW,Edwards Lifesciences,reports,Cuidado de Salud,Health Care Equipment,"Irvine, California",4/1/2011,1099800,1958
EA,Electronic Arts,reports,Servicios de Comunicación,Entretenimiento Doméstico Interactivo,"Redwood City, California",7/22/2002,712515,1982
ELV,Elevance Health,reports,Cuidado de Salud,Managed Health Care,"Indianapolis, Indiana",7/25/2002,1156039,2014 (1946)
LLY,Eli Lilly and Company,reports,Cuidado de Salud,Farmacéuticos,"Indianapolis, Indiana",12/31/1970,59478,1876
EMR,Emerson Electric,reports,Industriales,Componentes y Equipo Eléctrico,"Ferguson, Missouri",3/31/1965,32604,1890
ENPH,Enphase,reports,Tecnología Informática,Componentes Electrónicos,"Fremont, California",1/7/2021,1463101,2006
ETR,Entergy,reports,Utilidades,Electric Utilities,"New Orleans, Louisiana",3/4/1957,65984,1913
EOG,EOG Resources,reports,Energía,Oil & Gas Exploration & Production,"Houston, Texas",11/2/2000,821189,1999
EPAM,EPAM Systems,reports,Tecnología Informática,Consultoría Informática y Otros Servicios,"Newtown, Pennsylvania",12/14/2021,1352010,1993
EQT,EQT,reports,Energía,Oil & Gas Exploration & Production,"Pittsburgh, Pennsylvania",10/3/2022,33213,1888
EFX,Equifax,reports,Industriales,Servicios de Investigación y Consultoría,"Atlanta, Georgia",6/19/1997,33185,1899
EQIX,Equinix,reports,Bienes Raíces,Specialized REITs,"Redwood City, California",3/20/2015,1101239,1998
EQR,Equity Residential,reports,Bienes Raíces,Residential REITs,"Chicago, Illinois",12/3/2001,906107,1969
ESS,Essex Property Trust,reports,Bienes Raíces,Residential REITs,"San Mateo, California",4/2/2014,920522,1971
EL,The Estée Lauder Companies,reports,Productos básicos,Productos Personales,"New York City, New York",1/5/2006,1001250,1946
ETSY,Etsy,reports,Consumo Discrecional,Internet & Direct Marketing Retail,"New York City, New York",9/21/2020,1370637,2005
RE,Everest Re,reports,Finanzas,Reinsurance,"Hamilton, Bermuda",6/19/2017,1095073,1973
EVRG,Evergy,reports,Utilidades,Electric Utilities,"Kansas City, Missouri",6/5/2018,1711269,1909
ES,Eversource,reports,Utilidades,Multi-Utilities,"Hartford, Connecticut",1/1/2009,72741,1966
EXC,Exelon,reports,Utilidades,Multi-Utilities,"Chicago, Illinois",3/4/1957,1109357,2000
EXPE,Expedia Group,reports,Consumo Discrecional,Internet & Direct Marketing Retail,"Seattle, Washington",10/2/2007,1324424,1996
EXPD,Expeditors International,reports,Industriales,Flete Aéreo y Logística,"Seattle, Washington",10/10/2007,746515,1979
EXR,Extra Space Storage,reports,Bienes Raíces,Specialized REITs,"Salt Lake City, Utah",1/19/2016,1289490,1977
XOM,ExxonMobil,reports,Energía,Integrated Oil & Gas,"Irving, Texas",3/4/1957,34088,1999
FFIV,"F5, Inc.",reports,Tecnología Informática,Equipo de Comunicación,"Seattle, Washington",12/20/2010,1048695,1996
FDS,FactSet,reports,Finanzas,Financial Exchanges & Data,"Norwalk, Connecticut",12/20/2021,1013237,1978
FAST,Fastenal,reports,Industriales,Productos de Edificio,"Winona, Minnesota",9/15/2008,815556,1967
FRT,Federal Realty,reports,Bienes Raíces,Retail REITs,"Rockville, Maryland",2/1/2016,34903,1962
FDX,FedEx,reports,Industriales,Flete Aéreo y Logística,"Memphis, Tennessee",12/31/1980,1048911,1971
FITB,Fifth Third Bank,reports,Finanzas,Regional Banks,"Cincinnati, Ohio",1/1/1900,35527,1858
FRC,First Republic Bank,reports,Finanzas,Regional Banks,"San Francisco, California",1/2/2019,1132979,1985
FSLR,First Solar,reports,Tecnología Informática,Semiconductores,"Tempe, Arizona",12/19/2022,1274494,1999
FE,FirstEnergy,reports,Utilidades,Electric Utilities,"Akron, Ohio",1/1/1900,1031296,1997
FIS,FIS,reports,Tecnología Informática,Procesamiento de Datos y Servicios Externalizados,"Jacksonville, Florida",11/10/2006,1136893,1968
FISV,Fiserv,reports,Tecnología Informática,Procesamiento de Datos y Servicios Externalizados,"Brookfield, Wisconsin",4/2/2001,798354,1984
FLT,Fleetcor,reports,Tecnología Informática,Procesamiento de Datos y Servicios Externalizados,"Atlanta, Georgia",6/20/2018,1175454,2000
FMC,FMC Corporation,reports,Materiales,Fertilizantes y Químicos Agrícola,"Philadelphia, Pennsylvania",8/19/2009,37785,1883
F,Ford Motor Company,reports,Consumo Discrecional,Automobile Manufacturers,"Dearborn, Michigan",3/4/1957,37996,1903
FTNT,Fortinet,reports,Tecnología Informática,Software de Sistemas,"Sunnyvale, California",10/11/2018,1262039,2000
FTV,Fortive,reports,Industriales,Maquinaria Industrial,"Everett, Washington",7/1/2016,1659166,2016
FOXA,Fox Corporation (Class A),reports,Servicios de Comunicación,Películas y Entretenimiento,"New York City, New York",7/1/2013,1754301,2019
FOX,Fox Corporation (Class B),reports,Servicios de Comunicación,Películas y Entretenimiento,"New York City, New York",9/18/2015,1754301,2019
BEN,Franklin Templeton,reports,Finanzas,Asset Management & Custody Banks,"San Mateo, California",1/1/1900,38777,1947
FCX,Freeport-McMoRan,reports,Materiales,Cobre,"Phoenix, Arizona",1/1/1900,831259,1912
GRMN,Garmin,reports,Consumo Discrecional,Consumer Electronics,"Schaffhausen, Switzerland",12/12/2012,1121788,1989
IT,Gartner,reports,Tecnología Informática,Consultoría Informática y Otros Servicios,"Stamford, Connecticut",4/5/2017,749251,1979
GEHC,GE HealthCare,reports,Cuidado de Salud,Health Care Technology,"Chicago, Illinois",1/4/2023,1932393,1994
GEN,Gen Digital,reports,Tecnología Informática,Software de Aplicación,"Tempe, Arizona",3/25/2003,849399,1982
GNRC,Generac,reports,Industriales,Componentes y Equipo Eléctrico,"Waukesha, Wisconsin",3/22/2021,1474735,1959
GD,General Dynamics,reports,Industriales,Aeroespacial y Defensa,"Falls Church, Virginia",3/4/1957,40533,1899
GE,General Electric,reports,Industriales,Conglomerados Industriales,"Boston, Massachusetts",1/1/1900,40545,1892
GIS,General Mills,reports,Productos básicos,Alimentos y Carnes Empaquetados,"Golden Valley, Minnesota",3/31/1969,40704,1856
GM,General Motors,reports,Consumo Discrecional,Automobile Manufacturers,"Detroit, Michigan",6/6/2013,1467858,1908
GPC,Genuine Parts Company,reports,Consumo Discrecional,Specialty Stores,"Atlanta, Georgia",12/31/1973,40987,1925
GILD,Gilead Sciences,reports,Cuidado de Salud,Biotecnología,"Foster City, California",7/1/2004,882095,1987
GL,Globe Life,reports,Finanzas,Life & Health Insurance,"McKinney, Texas",4/30/1989,320335,1900
GPN,Global Payments,reports,Tecnología Informática,Procesamiento de Datos y Servicios Externalizados,"Atlanta, Georgia",4/25/2016,1123360,2000
GS,Goldman Sachs,reports,Finanzas,Investment Banking & Brokerage,"New York City, New York",7/22/2002,886982,1869
HAL,Halliburton,reports,Energía,Oil & Gas Equipment & Services,"Houston, Texas",3/4/1957,45012,1919
HIG,Hartford (The),reports,Finanzas,Property & Casualty Insurance,"Hartford, Connecticut",3/4/1957,874766,1810
HAS,Hasbro,reports,Consumo Discrecional,Leisure Products,"Pawtucket, Rhode Island",9/30/1984,46080,1923
HCA,HCA Healthcare,reports,Cuidado de Salud,Health Care Facilities,"Nashville, Tennessee",1/27/2015,860730,1968
PEAK,Healthpeak,reports,Bienes Raíces,Health Care REITs,"Long Beach, California",3/31/2008,765880,1985
HSIC,Henry Schein,reports,Cuidado de Salud,Health Care Distributors,"Melville, New York",3/17/2015,1000228,1932
HSY,Hershey's,reports,Productos básicos,Alimentos y Carnes Empaquetados,"Hershey, Pennsylvania",3/4/1957,47111,1894
HES,Hess Corporation,reports,Energía,Integrated Oil & Gas,"New York City, New York",5/31/1984,4447,1919
HPE,Hewlett Packard Enterprise,reports,Tecnología Informática,"Tecnología Hardware, Almacenamiento & Periféricos","Houston, Texas",11/2/2015,1645590,2015
HLT,Hilton Worldwide,reports,Consumo Discrecional,"Hotels, Resorts & Cruise Lines","Tysons Corner, Virginia",6/19/2017,1585689,1919
HOLX,Hologic,reports,Cuidado de Salud,Health Care Equipment,"Marlborough, Massachusetts",3/30/2016,859737,1985
HD,The Home Depot,reports,Consumo Discrecional,Home Improvement Retail,"Atlanta, Georgia",3/31/1988,354950,1978
HON,Honeywell,reports,Industriales,Conglomerados Industriales,"Charlotte, North Carolina",3/31/1964,773840,1906
HRL,Hormel Foods,reports,Productos básicos,Alimentos y Carnes Empaquetados,"Austin, Minnesota",3/4/2009,48465,1891
HST,Host Hotels & Resorts,reports,Bienes Raíces,Hotel & Resort REITs,"Bethesda, Maryland",3/20/2007,1070750,1993
HWM,Howmet Aerospace,reports,Industriales,Aeroespacial y Defensa,"Pittsburgh, Pennsylvania",3/31/1964,4281,2016
HPQ,HP Inc.,reports,Tecnología Informática,"Tecnología Hardware, Almacenamiento & Periféricos","Palo Alto, California",12/31/1974,47217,1939 (2015)
HUM,Humana,reports,Cuidado de Salud,Managed Health Care,"Louisville, Kentucky",1/1/1900,49071,1961
HBAN,Huntington Bancshares,reports,Finanzas,Regional Banks,"Columbus, Ohio; Detroit, Michigan",1/1/1900,49196,1866
HII,Huntington Ingalls Industries,reports,Industriales,Aeroespacial y Defensa,"Newport News, Virginia",1/3/2018,1501585,2011
IBM,IBM,reports,Tecnología Informática,Consultoría Informática y Otros Servicios,"Armonk, New York",3/4/1957,51143,1911
IEX,IDEX Corporation,reports,Industriales,Maquinaria Industrial,"Lake Forest, Illinois",8/9/2019,832101,1988
IDXX,Idexx Laboratories,reports,Cuidado de Salud,Health Care Equipment,"Westbrook, Maine",1/5/2017,874716,1983
ITW,Illinois Tool Works,reports,Industriales,Maquinaria Industrial,"Glenview, Illinois",2/28/1986,49826,1912
ILMN,Illumina,reports,Cuidado de Salud,Life Sciences Tools & Services,"San Diego, California",11/19/2015,1110803,1998
INCY,Incyte,reports,Cuidado de Salud,Biotecnología,"Wilmington, Delaware",2/28/2017,879169,1991
IR,Ingersoll Rand,reports,Industriales,Maquinaria Industrial,"Davidson, North Carolina",3/3/2020,1699150,1859
INTC,Intel,reports,Tecnología Informática,Semiconductores,"Santa Clara, California",12/31/1976,50863,1968
ICE,Intercontinental Exchange,reports,Finanzas,Financial Exchanges & Data,"Atlanta, Georgia",9/26/2007,1571949,2000
IP,International Paper,reports,Materiales,Empaquetado de Papel,"Memphis, Tennessee",3/4/1957,51434,1898
IPG,The Interpublic Group of Companies,reports,Servicios de Comunicación,Publicidad,"New York City, New York",10/1/1992,51644,1961 (1930)
IFF,International Flavors & Fragrances,reports,Materiales,Químicos Especiales,"New York City, New York",3/31/1976,51253,1958 (1889)
INTU,Intuit,reports,Tecnología Informática,Software de Aplicación,"Mountain View, California",12/5/2000,896878,1983
ISRG,Intuitive Surgical,reports,Cuidado de Salud,Health Care Equipment,"Sunnyvale, California",6/2/2008,1035267,1995
IVZ,Invesco,reports,Finanzas,Asset Management & Custody Banks,"Atlanta, Georgia",8/21/2008,914208,1935
INVH,Invitation Homes,reports,Bienes Raíces,Residential REITs,"Dallas, Texas",9/19/2022,1687229,2012
IQV,IQVIA,reports,Cuidado de Salud,Life Sciences Tools & Services,"Durham, North Carolina",8/29/2017,1478242,1982
IRM,Iron Mountain,reports,Bienes Raíces,Specialized REITs,"Boston, Massachusetts",1/6/2009,1020569,1951
JBHT,J.B. Hunt,reports,Industriales,Camionaje,"Lowell, Arkansas",7/1/2015,728535,1961
JKHY,Jack Henry & Associates,reports,Tecnología Informática,Procesamiento de Datos y Servicios Externalizados,"Monett, Missouri",11/13/2018,779152,1976
J,Jacobs Solutions,reports,Industriales,Construcción e Ingeniería,"Dallas, Texas",10/26/2007,52988,1947
JNJ,Johnson & Johnson,reports,Cuidado de Salud,Farmacéuticos,"New Brunswick, New Jersey",6/30/1973,200406,1886
JCI,Johnson Controls,reports,Industriales,Productos de Edificio,"Cork, Ireland",8/27/2010,833444,1885
JPM,JP Morgan Chase,reports,Finanzas,Diversified Banks,"New York City, New York",6/30/1975,19617,2000 (1799 / 1871)
JNPR,Juniper Networks,reports,Tecnología Informática,Equipo de Comunicación,"Sunnyvale, California",6/2/2006,1043604,1996
K,Kellogg's,reports,Productos básicos,Alimentos y Carnes Empaquetados,"Battle Creek, Michigan",9/11/1989,55067,1906
KDP,Keurig Dr Pepper,reports,Productos básicos,Bebidas,"Burlington, Massachusetts",6/21/2022,1418135,1981
KEY,KeyCorp,reports,Finanzas,Regional Banks,"Cleveland, Ohio",3/1/1994,91576,1825
KEYS,Keysight,reports,Tecnología Informática,Equipo Electrónico y Instrumentos,"Santa Rosa, California",11/6/2018,1601046,2014 (1939)
KMB,Kimberly-Clark,reports,Productos básicos,Productos Domésticos,"Irving, Texas",3/4/1957,55785,1872
KIM,Kimco Realty,reports,Bienes Raíces,Retail REITs,"New Hyde Park, New York",4/4/2006,879101,1958
KMI,Kinder Morgan,reports,Energía,Oil & Gas Storage & Transportation,"Houston, Texas",5/25/2012,1506307,1997
KLAC,KLA Corporation,reports,Tecnología Informática,Equipo de Semiconductores,"Milpitas, California",1/1/1900,319201,1975/1977 (1997)
KHC,Kraft Heinz,reports,Productos básicos,Alimentos y Carnes Empaquetados,"Chicago, Illinois; Pittsburgh, Pennsylvania",7/6/2015,1637459,2015 (1869)
KR,Kroger,reports,Productos básicos,Venta de Alimentos,"Cincinnati, Ohio",3/4/1957,56873,1883
LHX,L3Harris,reports,Industriales,Aeroespacial y Defensa,"Melbourne, Florida",9/22/2008,202058,2019 (1895)
LH,LabCorp,reports,Cuidado de Salud,Health Care Services,"Burlington, North Carolina",11/1/2004,920148,1978
LRCX,Lam Research,reports,Tecnología Informática,Equipo de Semiconductores,"Fremont, California",6/29/2012,707549,1980
LW,Lamb Weston,reports,Productos básicos,Alimentos y Carnes Empaquetados,"Eagle, Idaho",12/3/2018,1679273,2016 (1950)
LVS,Las Vegas Sands,reports,Consumo Discrecional,Casinos & Gaming,"Las Vegas, Nevada",10/3/2019,1300514,1988
LDOS,Leidos,reports,Industriales,Servicios de Soporte Diversificado,"Reston, Virginia",8/9/2019,1336920,1969
LEN,Lennar,reports,Consumo Discrecional,Construcción de Casas,"Miami, Florida",10/4/2005,920760,1954
LNC,Lincoln Financial,reports,Finanzas,Multi-line Insurance,"Radnor, Pennsylvania",6/30/1976,59558,1905
LIN,Linde plc,reports,Materiales,Gases Industriales,"Guildford, United Kingdom",7/1/1992,1707925,1879
LYV,Live Nation Entertainment,reports,Servicios de Comunicación,Películas y Entretenimiento,"Beverly Hills, California",12/23/2019,1335258,2010
LKQ,LKQ Corporation,reports,Consumo Discrecional,Distribuidores,"Chicago, Illinois",5/23/2016,1065696,1998
LMT,Lockheed Martin,reports,Industriales,Aeroespacial y Defensa,"Bethesda, Maryland",7/31/1984,936468,1995
L,Loews Corporation,reports,Finanzas,Multi-line Insurance,"New York City, New York",1/1/1900,60086,1959
LOW,Lowe's,reports,Consumo Discrecional,Home Improvement Retail,"Mooresville, North Carolina",2/29/1984,60667,1904/1946/1959
LUMN,Lumen Technologies,reports,Servicios de Comunicación,Proveedores Alternativos,"Monroe, Louisiana",3/25/1999,18926,1983 (1877)
LYB,LyondellBasell,reports,Materiales,Químicos Especiales,"Rotterdam, Netherlands",9/5/2012,1489393,2007
MTB,M&T Bank,reports,Finanzas,Regional Banks,"Buffalo, New York",2/23/2004,36270,1856
MRO,Marathon Oil,reports,Energía,Oil & Gas Exploration & Production,"Houston, Texas",5/1/1991,101778,1887
MPC,Marathon Petroleum,reports,Energía,Oil & Gas Refining & Marketing,"Findlay, Ohio",7/1/2011,1510295,2009 (1887)
MKTX,MarketAxess,reports,Finanzas,Financial Exchanges & Data,"New York City, New York",7/1/2019,1278021,2000
MAR,Marriott International,reports,Consumo Discrecional,"Hotels, Resorts & Cruise Lines","Bethesda, Maryland",1/1/1900,1048286,1927
MMC,Marsh McLennan,reports,Finanzas,Insurance Brokers,"New York City, New York",8/31/1987,62709,1905
MLM,Martin Marietta Materials,reports,Materiales,Materiales de construcción,"Raleigh, North Carolina",7/2/2014,916076,1993
MAS,Masco,reports,Industriales,Productos de Edificio,"Livonia, Michigan",6/30/1981,62996,1929
MA,Mastercard,reports,Tecnología Informática,Procesamiento de Datos y Servicios Externalizados,"Harrison, New York",7/18/2008,1141391,1966
MTCH,Match Group,reports,Servicios de Comunicación,Medios y Servicios Interactivos,"Dallas, Texas",9/20/2021,891103,1986
MKC,McCormick Company,reports,Productos básicos,Alimentos y Carnes Empaquetados,"Hunt Valley, Maryland",3/20/2003,63754,1889
MCD,McDonald's,reports,Consumo Discrecional,Restaurantes,"Chicago, Illinois",6/30/1970,63908,1940
MCK,McKesson,reports,Cuidado de Salud,Health Care Distributors,"Irving, Texas",1/1/1900,927653,1833
MDT,Medtronic,reports,Cuidado de Salud,Health Care Equipment,"Dublin, Ireland",10/31/1986,1613103,1949
MRK,Merck & Co.,reports,Cuidado de Salud,Farmacéuticos,"Kenilworth, New Jersey",3/4/1957,310158,1891
META,Meta Platforms,reports,Servicios de Comunicación,Medios y Servicios Interactivos,"Menlo Park, California",12/23/2013,1326801,2004
MET,MetLife,reports,Finanzas,Life & Health Insurance,"New York City, New York",1/1/1900,1099219,1868
MTD,Mettler Toledo,reports,Cuidado de Salud,Life Sciences Tools & Services,"Columbus, Ohio",9/6/2016,1037646,1945
MGM,MGM Resorts,reports,Consumo Discrecional,Casinos & Gaming,"Paradise, Nevada",7/26/2017,789570,1986
MCHP,Microchip Technology,reports,Tecnología Informática,Semiconductores,"Chandler, Arizona",9/7/2007,827054,1989
MU,Micron Technology,reports,Tecnología Informática,Semiconductores,"Boise, Idaho",9/27/1994,723125,1978
MSFT,Microsoft,reports,Tecnología Informática,Software de Sistemas,"Redmond, Washington",6/1/1994,789019,1975
MAA,Mid-America Apartment Communities,reports,Bienes Raíces,Residential REITs,"Memphis, Tennessee",12/2/2016,912595,1977
MRNA,Moderna,reports,Cuidado de Salud,Biotecnología,"Cambridge, Massachusetts",7/21/2021,1682852,2010
MHK,Mohawk Industries,reports,Consumo Discrecional,Home Furnishings,"Calhoun, Georgia",12/23/2013,851968,1878
MOH,Molina Healthcare,reports,Cuidado de Salud,Managed Health Care,"Long Beach, California",3/2/2022,1179929,1980
TAP,Molson Coors Beverage Company,reports,Productos básicos,Cerveceros,"Chicago, Illinois",6/30/1976,24545,"2005 (Molson 1786, Coors 1873)"
MDLZ,Mondelez International,reports,Productos básicos,Alimentos y Carnes Empaquetados,"Chicago, Illinois",10/2/2012,1103982,2012
MPWR,Monolithic Power Systems,reports,Tecnología Informática,Semiconductores,"Kirkland, Washington",2/12/2021,1280452,1997
MNST,Monster Beverage,reports,Productos básicos,Bebidas,"Corona, California",6/28/2012,865752,2012 (1935)
MCO,Moody's,reports,Finanzas,Financial Exchanges & Data,"New York City, New York",1/1/1900,1059556,1909
MS,Morgan Stanley,reports,Finanzas,Investment Banking & Brokerage,"New York City, New York",1/1/1900,895421,1935
MOS,The Mosaic Company,reports,Materiales,Fertilizantes y Químicos Agrícola,"Tampa, Florida",9/26/2011,1285785,2004 (1865 / 1909)
MSI,Motorola Solutions,reports,Tecnología Informática,Equipo de Comunicación,"Chicago, Illinois",1/1/1900,68505,1928 (2011)
MSCI,MSCI,reports,Finanzas,Financial Exchanges & Data,"New York City, New York",4/4/2018,1408198,1969
NDAQ,"Nasdaq, Inc.",reports,Finanzas,Financial Exchanges & Data,"New York City, New York",10/22/2008,1120193,1971
NTAP,NetApp,reports,Tecnología Informática,"Tecnología Hardware, Almacenamiento & Periféricos","San Jose, California",6/25/1999,1002047,1992
NFLX,Netflix,reports,Servicios de Comunicación,Películas y Entretenimiento,"Los Gatos, California",12/20/2010,1065280,1997
NWL,Newell Brands,reports,Consumo Discrecional,Housewares & Specialties,"Atlanta, Georgia",4/30/1989,814453,1903
NEM,Newmont,reports,Materiales,Oro,"Denver, Colorado",6/30/1969,1164727,1921
NWSA,News Corp (Class A),reports,Servicios de Comunicación,Publicación,"New York City, New York",8/1/2013,1564708,2013 (1980)
NWS,News Corp (Class B),reports,Servicios de Comunicación,Publicación,"New York City, New York",9/18/2015,1564708,2013 (1980)
NEE,NextEra Energy,reports,Utilidades,Multi-Utilities,"Juno Beach, Florida",6/30/1976,753308,1984 (1925)
NKE,"Nike, Inc.",reports,Consumo Discrecional,"Apparel, Accessories & Luxury Goods","Washington County, Oregon",11/30/1988,320187,1964
NI,NiSource,reports,Utilidades,Multi-Utilities,"Merrillville, Indiana",1/1/1900,1111711,1912
NDSN,Nordson Corporation,reports,Industriales,Maquinaria Industrial,"Westlake, Ohio",2/15/2022,72331,1935
NSC,Norfolk Southern Railway,reports,Industriales,Ferrocarriles,"Atlanta, Georgia",3/4/1957,702165,1881/1894 (1980)
NTRS,Northern Trust,reports,Finanzas,Asset Management & Custody Banks,"Chicago, Illinois",1/1/1900,73124,1889
NOC,Northrop Grumman,reports,Industriales,Aeroespacial y Defensa,"West Falls Church, Virginia",6/30/1985,1133421,"1994 (Northrop 1939, Grumman 1930)"
NCLH,Norwegian Cruise Line Holdings,reports,Consumo Discrecional,"Hotels, Resorts & Cruise Lines","Miami, Florida",10/13/2017,1513761,2011 (1966)
NRG,NRG Energy,reports,Utilidades,Independent Power Producers & Energy Traders,"Houston, Texas",1/29/2010,1013871,1992
NUE,Nucor,reports,Materiales,Acero,"Charlotte, North Carolina",4/30/1985,73309,1940
NVDA,Nvidia,reports,Tecnología Informática,Semiconductores,"Santa Clara, California",11/30/2001,1045810,1993
NVR,"NVR, Inc.",reports,Consumo Discrecional,Construcción de Casas,"Reston, Virginia",9/26/2019,906163,1980
NXPI,NXP Semiconductors,reports,Tecnología Informática,Semiconductores,"Eindhoven, Netherlands",3/22/2021,1413447,1953
ORLY,O'Reilly Auto Parts,reports,Consumo Discrecional,Specialty Stores,"Springfield, Missouri",3/27/2009,898173,1957
OXY,Occidental Petroleum Corporation,reports,Energía,Oil & Gas Exploration & Production,"Houston, Texas",12/31/1982,797468,1920
ODFL,Old Dominion,reports,Industriales,Camionaje,"Thomasville, North Carolina",12/9/2019,878927,1934
OMC,Omnicom Group,reports,Servicios de Comunicación,Publicidad,"New York City, New York",1/1/1900,29989,1986
ON,ON Semiconductor,reports,Tecnología Informática,Semiconductores,"Phoenix, Arizona",6/21/2022,1097864,1999
OKE,ONEOK,reports,Energía,Oil & Gas Storage & Transportation,"Tulsa, Oklahoma",3/15/2010,1039684,1906
ORCL,Oracle Corporation,reports,Tecnología Informática,Software de Aplicación,"Austin, Texas",8/31/1989,1341439,1977
OGN,Organon & Co.,reports,Cuidado de Salud,Farmacéuticos,"Jersey City, New Jersey",6/3/2021,1821825,2021
OTIS,Otis Elevator Company,reports,Industriales,Maquinaria Industrial,"Farmington, Connecticut",4/3/2020,1781335,2020 (1853)
PCAR,Paccar,reports,Industriales,Maquinaria de Construcción y Camiones Pesados,"Bellevue, Washington",12/31/1980,75362,1905
PKG,Packaging Corporation of America,reports,Materiales,Empaquetado de Papel,"Lake Forest, Illinois",7/26/2017,75677,1959
PARA,Paramount Global,reports,Servicios de Comunicación,Películas y Entretenimiento,"New York City, New York",1/1/1900,813828,2019 (1952)
PH,Parker Hannifin,reports,Industriales,Maquinaria Industrial,"Cleveland, Ohio",11/30/1985,76334,1917
PAYX,Paychex,reports,Tecnología Informática,Procesamiento de Datos y Servicios Externalizados,"Penfield, New York",1/1/1900,723531,1971
PAYC,Paycom,reports,Tecnología Informática,Software de Aplicación,"Oklahoma City, Oklahoma",1/28/2020,1590955,1998
PYPL,PayPal,reports,Tecnología Informática,Procesamiento de Datos y Servicios Externalizados,"San Jose, California",7/20/2015,1633917,1998
PNR,Pentair,reports,Industriales,Maquinaria Industrial,"Worsley, United Kingdom",10/1/2012,77360,1966
PEP,PepsiCo,reports,Productos básicos,Bebidas,"Purchase, New York",3/4/1957,77476,1898
PKI,PerkinElmer,reports,Cuidado de Salud,Health Care Equipment,"Waltham, Massachusetts",5/31/1985,31791,1937
PFE,Pfizer,reports,Cuidado de Salud,Farmacéuticos,"New York City, New York",3/4/1957,78003,1849
PCG,PG&E Corporation,reports,Utilidades,Multi-Utilities,"San Francisco, California",10/3/2022,1004980,1905
PM,Philip Morris International,reports,Productos básicos,Tabaco,"New York City, New York",3/31/2008,1413329,2008 (1847)
PSX,Phillips 66,reports,Energía,Oil & Gas Refining & Marketing,"Houston, Texas",5/1/2012,1534701,2012 (1917)
PNW,Pinnacle West,reports,Utilidades,Multi-Utilities,"Phoenix, Arizona",1/1/1900,764622,1985
PXD,Pioneer Natural Resources,reports,Energía,Oil & Gas Exploration & Production,"Irving, Texas",9/24/2008,1038357,1997
PNC,PNC Financial Services,reports,Finanzas,Regional Banks,"Pittsburgh, Pennsylvania",4/30/1988,713676,1845
POOL,Pool Corporation,reports,Consumo Discrecional,Distribuidores,"Covington, Louisiana",10/7/2020,945841,1993
PPG,PPG Industries,reports,Materiales,Químicos Especiales,"Pittsburgh, Pennsylvania",3/4/1957,79879,1883
PPL,PPL Corporation,reports,Utilidades,Electric Utilities,"Allentown, Pennsylvania",1/1/1900,922224,1920
PFG,Principal Financial Group,reports,Finanzas,Life & Health Insurance,"Des Moines, Iowa",7/22/2002,1126328,1879
PG,Procter & Gamble,reports,Productos básicos,Productos Personales,"Cincinnati, Ohio",3/4/1957,80424,1837
PGR,Progressive Corporation,reports,Finanzas,Property & Casualty Insurance,"Mayfield Village, Ohio",8/4/1997,80661,1937
PLD,Prologis,reports,Bienes Raíces,Industrial REITs,"San Francisco, California",7/17/2003,1045609,1983
PRU,Prudential Financial,reports,Finanzas,Life & Health Insurance,"Newark, New Jersey",7/22/2002,1137774,1875
PEG,Public Service Enterprise Group,reports,Utilidades,Electric Utilities,"Newark, New Jersey",3/4/1957,788784,1903
PTC,PTC,reports,Tecnología Informática,Software de Aplicación,"Boston, Massachusetts",4/20/2021,857005,1985
PSA,Public Storage,reports,Bienes Raíces,Specialized REITs,"Glendale, California",8/19/2005,1393311,1972
PHM,PulteGroup,reports,Consumo Discrecional,Construcción de Casas,"Atlanta, Georgia",4/30/1984,822416,1956
QRVO,Qorvo,reports,Tecnología Informática,Semiconductores,"Greensboro, North Carolina",6/11/2015,1604778,2015
PWR,Quanta Services,reports,Industriales,Construcción e Ingeniería,"Houston, Texas",7/1/2009,1050915,1997
QCOM,Qualcomm,reports,Tecnología Informática,Semiconductores,"San Diego, California",1/1/1900,804328,1985
DGX,Quest Diagnostics,reports,Cuidado de Salud,Health Care Services,"Secaucus, New Jersey",12/12/2002,1022079,1967
RL,Ralph Lauren Corporation,reports,Consumo Discrecional,"Apparel, Accessories & Luxury Goods","New York City, New York",2/2/2007,1037038,1967
RJF,Raymond James,reports,Finanzas,Investment Banking & Brokerage,"St. Petersburg, Florida",3/20/2017,720005,1962
RTX,Raytheon Technologies,reports,Industriales,Aeroespacial y Defensa,"Waltham, Massachusetts",1/1/1900,101829,1922
O,Realty Income,reports,Bienes Raíces,Retail REITs,"San Diego, California",4/7/2015,726728,1969
REG,Regency Centers,reports,Bienes Raíces,Retail REITs,"Jacksonville, Florida",3/2/2017,910606,1963
REGN,Regeneron,reports,Cuidado de Salud,Biotecnología,"Tarrytown, New York",5/1/2013,872589,1988
RF,Regions Financial Corporation,reports,Finanzas,Regional Banks,"Birmingham, Alabama",8/28/1998,1281761,1971
RSG,Republic Services,reports,Industriales,Servicios Ambientales y de Comodidades,"Phoenix, Arizona",12/5/2008,1060391,1998 (1981)
RMD,ResMed,reports,Cuidado de Salud,Health Care Equipment,"San Diego, California",7/26/2017,943819,1989
RHI,Robert Half,reports,Industriales,Servicios de Recursos Humanos y Empleo,"Menlo Park, California",12/5/2000,315213,1948
ROK,Rockwell Automation,reports,Industriales,Componentes y Equipo Eléctrico,"Milwaukee, Wisconsin",1/1/1900,1024478,1903
ROL,"Rollins, Inc.",reports,Industriales,Servicios Ambientales y de Comodidades,"Atlanta, Georgia",10/1/2018,84839,1948
ROP,Roper Technologies,reports,Tecnología Informática,Equipo Electrónico y Instrumentos,"Sarasota, Florida",12/23/2009,882835,1981
ROST,Ross Stores,reports,Consumo Discrecional,Apparel Retail,"Dublin, California",12/21/2009,745732,1982
RCL,Royal Caribbean Group,reports,Consumo Discrecional,"Hotels, Resorts & Cruise Lines","Miami, Florida",12/5/2014,884887,1997
SPGI,S&P Global,reports,Finanzas,Financial Exchanges & Data,"New York City, New York",1/1/1900,64040,1917
CRM,Salesforce,reports,Tecnología Informática,Software de Aplicación,"San Francisco, California",9/15/2008,1108524,1999
SBAC,SBA Communications,reports,Bienes Raíces,Specialized REITs,"Boca Raton, Florida",9/1/2017,1034054,1989
SLB,Schlumberger,reports,Energía,Oil & Gas Equipment & Services,"Curaçao, Kingdom of the Netherlands",3/31/1965,87347,1926
STX,Seagate Technology,reports,Tecnología Informática,"Tecnología Hardware, Almacenamiento & Periféricos","Dublin, Ireland",7/2/2012,1137789,1979
SEE,Sealed Air,reports,Materiales,Empaquetado de Papel,"Charlotte, North Carolina",3/4/1957,1012100,1960
SRE,Sempra Energy,reports,Utilidades,Multi-Utilities,"San Diego, California",1/1/1900,1032208,1998
NOW,ServiceNow,reports,Tecnología Informática,Software de Sistemas,"Santa Clara, California",11/21/2019,1373715,2003
SHW,Sherwin-Williams,reports,Materiales,Químicos Especiales,"Cleveland, Ohio",6/30/1964,89800,1866
SBNY,Signature Bank,reports,Finanzas,Regional Banks,"New York City, New York",12/20/2021,1288784,2001
SPG,Simon Property Group,reports,Bienes Raíces,Retail REITs,"Indianapolis, Indiana",6/26/2002,1063761,2003
SWKS,Skyworks Solutions,reports,Tecnología Informática,Semiconductores,"Irvine, California",3/12/2015,4127,2002
SJM,The J.M. Smucker Company,reports,Productos básicos,Alimentos y Carnes Empaquetados,"Orrville, Ohio",11/6/2008,91419,1897
SNA,Snap-on,reports,Industriales,Maquinaria Industrial,"Kenosha, Wisconsin",9/30/1982,91440,1920
SEDG,SolarEdge,reports,Tecnología Informática,Equipo de Semiconductores,"Herzliya, Israel",12/20/2021,1419612,2006
SO,Southern Company,reports,Utilidades,Electric Utilities,"Atlanta, Georgia",3/4/1957,92122,1945
LUV,Southwest Airlines,reports,Industriales,Aerolíneas,"Dallas, Texas",7/1/1994,92380,1967
SWK,Stanley Black & Decker,reports,Industriales,Maquinaria Industrial,"New Britain, Connecticut",9/30/1982,93556,1843
SBUX,Starbucks,reports,Consumo Discrecional,Restaurantes,"Seattle, Washington",6/7/2000,829224,1971
STT,State Street Corporation,reports,Finanzas,Asset Management & Custody Banks,"Boston, Massachusetts",1/1/1900,93751,1792
STLD,Steel Dynamics,reports,Materiales,Acero,"Fort Wayne, Indiana",12/22/2022,1022671,1993
STE,Steris,reports,Cuidado de Salud,Health Care Equipment,"Dublin, Ireland",12/23/2019,1757898,1985
SYK,Stryker Corporation,reports,Cuidado de Salud,Health Care Equipment,"Kalamazoo, Michigan",12/12/2000,310764,1941
SIVB,SVB Financial,reports,Finanzas,Regional Banks,"Santa Clara, California",3/19/2018,719739,1983
SYF,Synchrony Financial,reports,Finanzas,Consumer Finance,"Stamford, Connecticut",11/18/2015,1601712,2003
SNPS,Synopsys,reports,Tecnología Informática,Software de Aplicación,"Mountain View, California",3/16/2017,883241,1986
SYY,Sysco,reports,Productos básicos,Distribuidores de Alimentos,"Houston, Texas",12/31/1986,96021,1969
TMUS,T-Mobile US,reports,Servicios de Comunicación,Servicios de Telecomunicación Inalámbrico,"Bellevue, Washington",7/15/2019,1283699,1994
TROW,T. Rowe Price,reports,Finanzas,Asset Management & Custody Banks,"Baltimore, Maryland",1/1/1900,1113169,1937
TTWO,Take-Two Interactive,reports,Servicios de Comunicación,Entretenimiento Doméstico Interactivo,"New York City, New York",3/19/2018,946581,1993
TPR,"Tapestry, Inc.",reports,Consumo Discrecional,"Apparel, Accessories & Luxury Goods","New York City, New York",1/1/1900,1116132,2017
TRGP,Targa Resources,reports,Energía,Oil & Gas Storage & Transportation,"Houston, Texas",10/12/2022,1389170,2005
TGT,Target Corporation,reports,Consumo Discrecional,General Merchandise Stores,"Minneapolis, Minnesota",12/31/1976,27419,1902
TEL,TE Connectivity,reports,Tecnología Informática,Servicios de Fabricación Electrónica,"Schaffhausen, Switzerland",10/17/2011,1385157,2007
TDY,Teledyne Technologies,reports,Tecnología Informática,Equipo Electrónico y Instrumentos,"Thousand Oaks, California",6/22/2020,1094285,1960
TFX,Teleflex,reports,Cuidado de Salud,Health Care Equipment,"Wayne, Pennsylvania",1/18/2019,96943,1943
TER,Teradyne,reports,Tecnología Informática,Equipo de Semiconductores,"North Reading, Massachusetts",9/21/2020,97210,1960
TSLA,"Tesla, Inc.",reports,Consumo Discrecional,Automobile Manufacturers,"Austin, Texas",12/21/2020,1318605,2003
TXN,Texas Instruments,reports,Tecnología Informática,Semiconductores,"Dallas, Texas",1/1/1900,97476,1930
TXT,Textron,reports,Industriales,Aeroespacial y Defensa,"Providence, Rhode Island",12/31/1978,217346,1923
TMO,Thermo Fisher Scientific,reports,Cuidado de Salud,Life Sciences Tools & Services,"Waltham, Massachusetts",8/3/2004,97745,2006 (1902)
TJX,TJX Companies,reports,Consumo Discrecional,Apparel Retail,"Framingham, Massachusetts",9/30/1985,109198,1987
TSCO,Tractor Supply,reports,Consumo Discrecional,Specialty Stores,"Brentwood, Tennessee",1/24/2014,916365,1938
TT,Trane Technologies,reports,Industriales,Productos de Edificio,"Dublin, Ireland",11/17/2010,1466258,1871
TDG,TransDigm Group,reports,Industriales,Aeroespacial y Defensa,"Cleveland, Ohio",6/3/2016,1260221,1993
TRV,The Travelers Companies,reports,Finanzas,Property & Casualty Insurance,"New York City, New York",8/21/2002,86312,1853
TRMB,Trimble Inc.,reports,Tecnología Informática,Equipo Electrónico y Instrumentos,"Westminster, Colorado",1/21/2021,864749,1978
TFC,Truist,reports,Finanzas,Regional Banks,"Charlotte, North Carolina",12/4/1997,92230,1872
TYL,Tyler Technologies,reports,Tecnología Informática,Software de Aplicación,"Plano, Texas",6/22/2020,860731,1966
TSN,Tyson Foods,reports,Productos básicos,Alimentos y Carnes Empaquetados,"Springdale, Arkansas",8/10/2005,100493,1935
USB,U.S. Bank,reports,Finanzas,Diversified Banks,"Minneapolis, Minnesota",1/1/1900,36104,1968
UDR,"UDR, Inc.",reports,Bienes Raíces,Residential REITs,"Highlands Ranch, Colorado",3/7/2016,74208,1972
ULTA,Ulta Beauty,reports,Consumo Discrecional,Specialty Stores,"Bolingbrook, Illinois",4/18/2016,1403568,1990
UNP,Union Pacific Corporation,reports,Industriales,Ferrocarriles,"Omaha, Nebraska",3/4/1957,100885,1862
UAL,United Airlines Holdings,reports,Industriales,Aerolíneas,"Chicago, Illinois",9/3/2015,100517,1967
UPS,United Parcel Service,reports,Industriales,Flete Aéreo y Logística,"Sandy Springs, Georgia",7/22/2002,1090727,1907
URI,United Rentals,reports,Industriales,Trading Companies & Distributors,"Stamford, Connecticut",9/20/2014,1067701,1997
UNH,UnitedHealth Group,reports,Cuidado de Salud,Managed Health Care,"Minnetonka, Minnesota",7/1/1994,731766,1977
UHS,Universal Health Services,reports,Cuidado de Salud,Health Care Facilities,"King of Prussia, Pennsylvania",9/20/2014,352915,1979
VLO,Valero Energy,reports,Energía,Oil & Gas Refining & Marketing,"San Antonio, Texas",1/1/1900,1035002,1980
VTR,Ventas,reports,Bienes Raíces,Health Care REITs,"Chicago, Illinois",3/4/2009,740260,1998
VRSN,Verisign,reports,Tecnología Informática,Servicios y Infraestructura de Internet,"Dulles, Virginia",2/1/2006,1014473,1995
VRSK,Verisk,reports,Industriales,Servicios de Investigación y Consultoría,"Jersey City, New Jersey",10/8/2015,1442145,1971
VZ,Verizon,reports,Servicios de Comunicación,Servicios de Telecomunicación Integrado,"New York City, New York",11/30/1983,732712,1983 (1877)
VRTX,Vertex Pharmaceuticals,reports,Cuidado de Salud,Biotecnología,"Cambridge, Massachusetts",9/23/2013,875320,1989
VFC,VF Corporation,reports,Consumo Discrecional,"Apparel, Accessories & Luxury Goods","Denver, Colorado",6/30/1979,103379,1899
VTRS,Viatris,reports,Cuidado de Salud,Farmacéuticos,"Pittsburgh, Pennsylvania",4/23/2004,1792044,1961
VICI,Vici Properties,reports,Bienes Raíces,Hotel & Resort REITs,"New York City, New York",6/8/2022,1705696,2017
V,Visa Inc.,reports,Tecnología Informática,Procesamiento de Datos y Servicios Externalizados,"San Francisco, California",12/21/2009,1403161,1958
VMC,Vulcan Materials Company,reports,Materiales,Materiales de construcción,"Birmingham, Alabama",6/30/1999,1396009,1909
WAB,Wabtec,reports,Industriales,Maquinaria de Construcción y Camiones Pesados,"Pittsburgh, Pennsylvania",2/27/2019,943452,1999 (1869)
WBA,Walgreens Boots Alliance,reports,Productos básicos,Venta Fármaco,"Deerfield, Illinois",12/31/1979,1618921,2014
WMT,Walmart,reports,Productos básicos,Hipermercados y Súper Centros,"Bentonville, Arkansas",8/31/1982,104169,1962
WBD,Warner Bros. Discovery,reports,Servicios de Comunicación,Transmisión,"New York City, New York",4/11/2022,1437107,2022
WM,Waste Management,reports,Industriales,Servicios Ambientales y de Comodidades,"Houston, Texas",1/1/1900,823768,1968
WAT,Waters Corporation,reports,Cuidado de Salud,Health Care Distributors,"Milford, Massachusetts",1/1/1900,1000697,1958
WEC,WEC Energy Group,reports,Utilidades,Electric Utilities,"Milwaukee, Wisconsin",10/31/2008,783325,1896
WFC,Wells Fargo,reports,Finanzas,Diversified Banks,"San Francisco, California",6/30/1976,72971,1852
WELL,Welltower,reports,Bienes Raíces,Health Care REITs,"Toledo, Ohio",1/30/2009,766704,1970
WST,West Pharmaceutical Services,reports,Cuidado de Salud,Health Care Supplies,"Exton, Pennsylvania",5/22/2020,105770,1923
WDC,Western Digital,reports,Tecnología Informática,"Tecnología Hardware, Almacenamiento & Periféricos","San Jose, California",7/1/2009,106040,1970
WRK,WestRock,reports,Materiales,Empaquetado de Papel,"Atlanta, Georgia",1/1/1900,1732845,2015
WY,Weyerhaeuser,reports,Bienes Raíces,Specialized REITs,"Seattle, Washington",1/1/1900,106535,1900
WHR,Whirlpool Corporation,reports,Consumo Discrecional,Household Appliances,"Benton Harbor, Michigan",1/1/1900,106640,1911
WMB,Williams Companies,reports,Energía,Oil & Gas Storage & Transportation,"Tulsa, Oklahoma",3/31/1975,107263,1908
WTW,Willis Towers Watson,reports,Finanzas,Insurance Brokers,"London, United Kingdom",1/5/2016,1140536,2016
GWW,W. W. Grainger,reports,Industriales,Maquinaria Industrial,"Lake Forest, Illinois",6/30/1981,277135,1927
WYNN,Wynn Resorts,reports,Consumo Discrecional,Casinos & Gaming,"Paradise, Nevada",11/14/2008,1174922,2002
XEL,Xcel Energy,reports,Utilidades,Multi-Utilities,"Minneapolis, Minnesota",3/4/1957,72903,1909
XYL,Xylem Inc.,reports,Industriales,Maquinaria Industrial,"White Plains, New York",11/1/2011,1524472,2011
YUM,Yum! Brands,reports,Consumo Discrecional,Restaurantes,"Louisville, Kentucky",10/6/1997,1041061,1997
ZBRA,Zebra Technologies,reports,Tecnología Informática,Equipo Electrónico y Instrumentos,"Lincolnshire, Illinois",12/23/2019,877212,1969
ZBH,Zimmer Biomet,reports,Cuidado de Salud,Health Care Equipment,"Warsaw, Indiana",8/7/2001,1136869,1927
ZION,Zions Bancorporation,reports,Finanzas,Regional Banks,"Salt Lake City, Utah",6/22/2001,109380,1873
ZTS,Zoetis,reports,Cuidado de Salud,Farmacéuticos,"Parsippany, New Jersey",6/21/2013,1555280,1952
